stroke,n,proportion
no stroke,29461,49.98473023413641
stroke,29479,50.01526976586359
