stroke,n,proportion
no stroke,29461,97.88032825010798
stroke,638,2.119671749892023
