ever_married,mean,sd,n
No,30.221824923851145,16.594946343372445,7551
Yes,53.87382472946603,15.387564251803354,22548
