stroke,mean,sd,n
no stroke,47.499168392111606,18.627869708002123,29461
stroke,68.30564263322884,11.844849955381246,638
