stroke,mean,sd,n
no stroke,106.67148297749567,45.457157176150986,29461
stroke,131.30630094043886,60.66125721800357,638
